Company,Content,Date,LinkSrc,Title,imgSrc
연합뉴스,(서울=연합뉴스) 이봉석 기자 = 북한 노동자 조직인 조선직업총동맹(직총)의 중앙위원장에 주영길 김일성사회주의청년동맹 부위원장이 ,2015.08.17 23:51,https://news.naver.com/main/read.nhn?mode=LSD&mid=sec&sid1=100&oid=001&aid=0007797015,북한 노동단체 수장에 빨치산2세 주영길,No image
채널A,윤후덕 의원은 공식 사과와 딸의 자진 퇴사로 비난 여론을 무마하려 했는데요.분노한 고시생들의 피켓 시위와 의원직 사퇴 요구가 잇 ,2015.08.17 23:33,https://news.naver.com/main/read.nhn?mode=LSD&mid=sec&sid1=100&oid=449&aid=0000068245,불 붙는 윤후덕 딸 채용 청탁 의혹…“직권 조사”,https://imgnews.pstatic.net/image/origin/449/2015/08/17/68245.jpg?type=ofullfill106_72
채널A,윤후덕 새정치연합 의원이 변호사 딸의 지역구 대기업 특채 의혹에 휩싸인 데 이어김태원 새누리당 의원의 변호사 아들도 정부 법무 ,2015.08.17 23:33,https://news.naver.com/main/read.nhn?mode=LSD&mid=sec&sid1=100&oid=449&aid=0000068244,김태원 의원 아들도 ‘특혜 채용’ 논란,https://imgnews.pstatic.net/image/origin/449/2015/08/17/68244.jpg?type=ofullfill106_72
채널A,법조계의 대표적 특권인 전관 예우도 된 서리를 맞고 있습니다. '전관 예우'에 기대려던 거물급 피고인들이 변호사를 대거 바꾸고  ,2015.08.17 23:31,https://news.naver.com/main/read.nhn?mode=LSD&mid=sec&sid1=100&oid=449&aid=0000068242,‘전관 막겠다’ 법원 연고기피제…변호사 줄사임,https://imgnews.pstatic.net/image/origin/449/2015/08/17/68242.jpg?type=ofullfill106_72
채널A,야당 의원이 변호사 딸을 지역구 대기업에 특채시켰단 의혹에 휘말리더니 이번엔 여당 의원이 변호사 아들을 정부에 특채시켰단 의혹 ,2015.08.17 23:31,https://news.naver.com/main/read.nhn?mode=LSD&mid=sec&sid1=100&oid=449&aid=0000068238,김태원 아들 채용 특채도 여야 경쟁?,https://imgnews.pstatic.net/image/origin/449/2015/08/17/68238.jpg?type=ofullfill106_72
채널A,북한군이 남쪽을 향해 확성기 방송을 시작했습니다.그런데 정작 우리 쪽에서는 잘 안들린다고 합니다.왜 그런 지 김종석 기자가  ,2015.08.17 23:31,https://news.naver.com/main/read.nhn?mode=LSD&mid=sec&sid1=100&oid=449&aid=0000068237,11년 만에 ‘대남 방송’ 재개…내부 귀막기용?,https://imgnews.pstatic.net/image/origin/449/2015/08/17/68237.jpg?type=ofullfill106_72
채널A,박근혜 대통령이 '북한의 생화학 무기'에 각별히 대비해야 한다고 강조했습니다.육해공에 땅밑 도발까지 자행하자 다음엔 생화학 도 ,2015.08.17 23:31,https://news.naver.com/main/read.nhn?mode=LSD&mid=sec&sid1=100&oid=449&aid=0000068236,박 대통령 “생화학무기 테러 대비”…北 수준은?,https://imgnews.pstatic.net/image/origin/449/2015/08/17/68236.jpg?type=ofullfill106_72
채널A,북한군을 실질적으로 움직이는 총참모장과 지뢰 도발의 배후로 지목되는 정찰총국장이 공개 석상에서 사라졌습니다. 숙청이나 실각된 게 ,2015.08.17 23:30,https://news.naver.com/main/read.nhn?mode=LSD&mid=sec&sid1=100&oid=449&aid=0000068235,금수산궁전 참배 빠진 軍 핵심…추가 도발 준비?,https://imgnews.pstatic.net/image/origin/449/2015/08/17/68235.jpg?type=ofullfill106_72
채널A,문재인 새정치연합 대표가 5.24 조치를 해제할 것을 함께 박 대통령에게 제안하자고 했는데 새누리당 김무성 대표는 일언지하에  ,2015.08.17 23:30,https://news.naver.com/main/read.nhn?mode=LSD&mid=sec&sid1=100&oid=449&aid=0000068234,김무성 “5·24조치 해제 부적절”…文 제안 거절,https://imgnews.pstatic.net/image/origin/449/2015/08/17/68234.jpg?type=ofullfill106_72
채널A,중세의 부패한 교황들이 천당에 간다는 면죄부를 팔았던 것 처럼 요즘 북한 당국은 이른 바 '기부증'을 주민들에게 팔고 있습니다 ,2015.08.17 23:30,https://news.naver.com/main/read.nhn?mode=LSD&mid=sec&sid1=100&oid=449&aid=0000068233,北 당창건 70주년 앞두고 ‘충성기부’ 강요,https://imgnews.pstatic.net/image/origin/449/2015/08/17/68233.jpg?type=ofullfill106_72
채널A,정청래 의원의 공갈 막말에 격노해 최고위원직을 던진 주승용 의원에게 비주류 진영 이곳저곳에서 최고위원 복귀를 요구하고 있습니다. ,2015.08.17 23:29,https://news.naver.com/main/read.nhn?mode=LSD&mid=sec&sid1=100&oid=449&aid=0000068232,“주승용 복귀” 목청 높인 비주류…왜?,https://imgnews.pstatic.net/image/origin/449/2015/08/17/68232.jpg?type=ofullfill106_72
채널A,북한의 지뢰 도발에 우리 안보 라인도 책임을 져야한다는 여당 비박계의 주장에 친박계 핵심들이 크게 반발하고 있습니다. 오늘은 대 ,2015.08.17 23:29,https://news.naver.com/main/read.nhn?mode=LSD&mid=sec&sid1=100&oid=449&aid=0000068231,윤상현 “내부 책임론은 잘못”…김관진 구하기?,https://imgnews.pstatic.net/image/origin/449/2015/08/17/68231.jpg?type=ofullfill106_72
채널A,광복 70주년에 나온 여야 대표들의 기자 회견 내용이 '대선 출사표'를 방불케 했다는 평가가 나옵니다.그런 평가를 한 동아일보 ,2015.08.17 23:29,https://news.naver.com/main/read.nhn?mode=LSD&mid=sec&sid1=100&oid=449&aid=0000068230,김무성·문재인 ‘광복 70주년’ 행보…평가는?,https://imgnews.pstatic.net/image/origin/449/2015/08/17/68230.jpg?type=ofullfill106_72
뉴시스,【서울=뉴시스】박대로 기자 = 인사혁신처는 17일 음악을 통해 공무원의 예술적 재능을 계발하고 정서함양을 통해 생동감 넘치는 공 ,2015.08.17 23:23,https://news.naver.com/main/read.nhn?mode=LSD&mid=sec&sid1=100&oid=003&aid=0006700478,인사혁신처 공무원음악대전 10월 개최,No image
뉴시스,【서울=뉴시스】박대로 기자 = 북한이 17일 외국단체들을 동원해 을지 프리덤 가디언 한·미합동군사연습과 대북확성기 방송을 비판했 ,2015.08.17 23:22,https://news.naver.com/main/read.nhn?mode=LSD&mid=sec&sid1=100&oid=003&aid=0006700477,北 을지연습·대북확성기방송 비판…친북외국단체 동원,https://imgnews.pstatic.net/image/origin/003/2015/08/17/6700477.jpg?type=ofullfill106_72
뉴시스,【서울=뉴시스】박대로 기자 = 윤병세 외교부 장관과 톰 코튼(Tom Cotton) 미국 상원의원이 17일 북한의 비무장지대 지뢰 ,2015.08.17 23:22,https://news.naver.com/main/read.nhn?mode=LSD&mid=sec&sid1=100&oid=003&aid=0006700476,윤병세·코튼 美상원의원 北지뢰도발 대응 논의,No image
연합뉴스TV,[고성국의 담담타타] 박대통령 을지국무회의 주재,2015.08.17 23:03,https://news.naver.com/main/read.nhn?mode=LSD&mid=sec&sid1=100&oid=422&aid=0000131216,[고성국의 담담타타] 박대통령 을지국무회의 주재…北 강력 규탄,https://imgnews.pstatic.net/image/origin/422/2015/08/17/131216.jpg?type=ofullfill106_72
부산일보,대권행보 부각 승부수 새정치민주연합 문재인(사진) 대표가 광복 70주년을 계기로 '외교·통일' 문제에 주력하는 모습이다 ,2015.08.17 23:02,https://news.naver.com/main/read.nhn?mode=LSD&mid=sec&sid1=100&oid=082&aid=0000524799,'외교·통일' 비중 키우는 문재인,https://imgnews.pstatic.net/image/origin/082/2015/08/17/524799.jpg?type=ofullfill106_72
부산일보,본격적인 국회 '예산 시즌'을 앞두고 부산시와 새누리당 정책위원회가 예산정책협의회를 열고 '예산 챙기기'에 나선다.부산시 ,2015.08.17 23:02,https://news.naver.com/main/read.nhn?mode=LSD&mid=sec&sid1=100&oid=082&aid=0000524798,지역현안 해소 위해 한 푼이라도 더,No image
부산일보,박근혜 대통령이 17일 청와대에서 열린 을지국무회의를 주재하면서 북한의 비무장지대(DMZ) 목함지뢰 도발 사건에 대해 명백한  ,2015.08.17 23:02,https://news.naver.com/main/read.nhn?mode=LSD&mid=sec&sid1=100&oid=082&aid=0000524797,여론도 정치권도 中전승절 대통령 참석을,https://imgnews.pstatic.net/image/origin/082/2015/08/17/524797.jpg?type=ofullfill106_72
부산일보,17일 을지 국무회의 주재 박근혜 대통령은 17일 북한의 비무장지대(DMZ) 목함지뢰 도발 사건에 대해 불법적으로 군 ,2015.08.17 23:02,https://news.naver.com/main/read.nhn?mode=LSD&mid=sec&sid1=100&oid=082&aid=0000524796,박 대통령 북 지뢰도발은 장병 살상 기도한 군사도발,No image
뉴시스,【서울=뉴시스】박대로 기자 = 러시아측이 러시아 극동개발을 주제로 하는 학술행사에 홍용표 통일부 장관을 초청한 것으로 나타났다. ,2015.08.17 23:00,https://news.naver.com/main/read.nhn?mode=LSD&mid=sec&sid1=100&oid=003&aid=0006700471,러시아 동방경제포럼에 통일부장관 초청,No image
연합뉴스TV,[고성국의 담담타타] 박대통령 '광복 70주년 경축사' 총평은?<정국의 해법 : 대통령비서실 홍보특별보좌관 김경재>정국의 해법 ,2015.08.17 22:57,https://news.naver.com/main/read.nhn?mode=LSD&mid=sec&sid1=100&oid=422&aid=0000131212,[고성국의 담담타타] 박대통령 '광복 70주년 경축사' 총평은?,https://imgnews.pstatic.net/image/origin/422/2015/08/17/131212.jpg?type=ofullfill106_72
YTN,[앵커] 이재용 삼성전자 부회장이 고 이맹희 CJ그룹 명예회장의 빈소를 찾았습니다. 홍라희 리움미술관장 등 삼성 오너 일가가 빈 ,2015.08.17 22:56,https://news.naver.com/main/read.nhn?mode=LSD&mid=sec&sid1=100&oid=034&aid=0002852726,이재용 삼성 부회장 이맹희 CJ 명예회장 빈소 조문,https://imgnews.pstatic.net/image/origin/034/2015/08/17/2852726.jpg?type=ofullfill106_72
YTN,[앵커] 이재용 삼성전자 부회장이 고 이맹희 CJ그룹 명예회장의 빈소를 찾았습니다. 홍라희 리움미술관장 등 삼성 오너 일가가 빈 ,2015.08.17 22:56,https://news.naver.com/main/read.nhn?mode=LSD&mid=sec&sid1=100&oid=052&aid=0000708224,이재용 삼성 부회장 이맹희 CJ 명예회장 빈소 조문,https://imgnews.pstatic.net/image/origin/052/2015/08/17/708224.jpg?type=ofullfill106_72
매일경제,윤상현 새누리당 의원이 김무성 대표가 추진 중인 이른바 '완전국민경선제(오픈프라이머리)'에 대해 대안이 필요하다고 주장했다. 박 ,2015.08.17 22:53,https://news.naver.com/main/read.nhn?mode=LSD&mid=sec&sid1=100&oid=009&aid=0003549993,[레이더P] 윤상현 오픈프라이머리 현실적으로 어려워,No image
파이낸셜뉴스,이인제 새누리당 의원 한·일 관계 미래 봐야추미애 새정치聯 의원 명확한 외교목표 필요& ,2015.08.17 22:53,https://news.naver.com/main/read.nhn?mode=LSD&mid=sec&sid1=100&oid=014&aid=0003486715,[아베담화 이후 동북아 신 외교전] (1)  정치권 아베담화 성토 속 '관계개선' 외교 해법 모색,No image
JTBC,[앵커]새정치연합 당 대표 회의실에 방음벽이 설치됐다고 하는군요. 비공개회의에서 문 밖으로 흘러나온 고성이 언론에 보도되면서 사 ,2015.08.17 22:45,https://news.naver.com/main/read.nhn?mode=LSD&mid=sec&sid1=100&oid=437&aid=0000088420,당내 갈등 노출 차단용?…방음벽 설치한 새정치연합,https://imgnews.pstatic.net/image/origin/437/2015/08/17/88420.jpg?type=ofullfill106_72
세계일보,새정치민주연합 윤후덕 의원이 딸의 취업 청탁 논란에 휩싸인 가운데 새누리당 국회의원 아들이 정부법무공단에 채용되는 과정에서 특혜 ,2015.08.17 22:45,https://news.naver.com/main/read.nhn?mode=LSD&mid=sec&sid1=100&oid=022&aid=0002892833,정부법무공단에 국회의원 아들 출신 특혜 채용 의혹,No image
한국경제,국회선진화법은 재개정 추진[ 박종필 기자 ] 원유철 새누리당 원내대표(사진)는 17일 서비스산업발전기본법과 관련해 야당에서 주장 ,2015.08.17 22:35,https://news.naver.com/main/read.nhn?mode=LSD&mid=sec&sid1=100&oid=015&aid=0003408234,원유철 의료 제외 서비스법 수용 불가,No image
TV조선,Q.  아베 총리가 14일 전후 70년 담화 박근혜 대통령이 광복 70주년 경축사를 차례 차례 발표됐다. 아베담화는  ,2015.08.17 22:34,https://news.naver.com/main/read.nhn?mode=LSD&mid=sec&sid1=100&oid=448&aid=0000122349,[김창균의 정치속보기] 박 대통령 경축사 '아베 비판' 절제한 이유는,https://imgnews.pstatic.net/image/origin/448/2015/08/17/122349.jpg?type=ofullfill106_72
YTN,이재용 삼성전자 부회장이 고 이맹희 CJ그룹 명예회장의 빈소를 찾았습니다. 이 부회장은 오늘 저녁 서울 연건동 서울대학병원 장례 ,2015.08.17 22:34,https://news.naver.com/main/read.nhn?mode=LSD&mid=sec&sid1=100&oid=034&aid=0002852720,이재용 이맹희 CJ그룹 명예회장 빈소 조문,No image
MBC,[뉴스데스크]지난해 6월 강원도 22사단 GOP에서 동료와 상급자들에게 수류탄을 터뜨리고 총기를 난사해 5명을 숨지게했던 23살 ,2015.08.17 22:33,https://news.naver.com/main/read.nhn?mode=LSD&mid=sec&sid1=100&oid=214&aid=0000528242,GOP 총기난사 임 병장에 2심도 사형 선고,https://imgnews.pstatic.net/image/origin/214/2015/08/17/528242.jpg?type=ofullfill106_72
TV조선,[앵커]새정치민주연합 당대표 회의실 출입문에 방음벽이 설치됐습니다. '보안'을 위해서라고 하지만 당내 갈등이 노출되는 것을 피 ,2015.08.17 22:30,https://news.naver.com/main/read.nhn?mode=LSD&mid=sec&sid1=100&oid=448&aid=0000122347,야당 대표 회의실 방음판…갈등 노출 막으려?,https://imgnews.pstatic.net/image/origin/448/2015/08/17/122347.jpg?type=ofullfill106_72
TV조선,새정치민주연합 이동학 혁신위원이 문재인 대표에게 보낸 공개 편지에서 박근혜 정부가 추진하고 있는 임금피크제를 수용하고 노조를  ,2015.08.17 22:30,https://news.naver.com/main/read.nhn?mode=LSD&mid=sec&sid1=100&oid=448&aid=0000122346,野 혁신위 임금피크제 수용 주장 노조 설득 나서야,https://imgnews.pstatic.net/image/origin/448/2015/08/17/122346.jpg?type=ofullfill106_72
TV조선,[리포트]새누리당 하태경 이노근 의원은 딸의 대기업 취직 청탁과 관련해 새정치연합 윤후덕 의원을 국회 윤리특별위원회에 회부해야 ,2015.08.17 22:29,https://news.naver.com/main/read.nhn?mode=LSD&mid=sec&sid1=100&oid=448&aid=0000122345,청년 일자리 강조하는 정치권…전화에 문자 '취업청탁',https://imgnews.pstatic.net/image/origin/448/2015/08/17/122345.jpg?type=ofullfill106_72
뉴시스,【서울=뉴시스】박대로 기자 = 한국과 중국 일본의 인사행정 담당 장관들이 이달말 서울에서 모여 협력 방안을 논의한다. 인사혁신 ,2015.08.17 22:20,https://news.naver.com/main/read.nhn?mode=LSD&mid=sec&sid1=100&oid=003&aid=0006700459,한중일 인사장관회의 이달말 서울서 개최,No image
뉴시스,【서울=뉴시스】박대로 기자 = 주(駐)중국 한국대사관이 17일 톈진 물류창고 폭발사고와 관련해 교민과 방문객의 유의를 당부했다. ,2015.08.17 22:19,https://news.naver.com/main/read.nhn?mode=LSD&mid=sec&sid1=100&oid=003&aid=0006700458,駐中대사관 톈진체류 우리국민 신변안전 유의해야,https://imgnews.pstatic.net/image/origin/003/2015/08/17/6700458.jpg?type=ofullfill106_72
YTN,우리 군이 북한의 비무장지대 지뢰 도발 사건에 대한 보복 조치로 대북 확성기 방송을 재개한 데 반발해 북한군도 일부 최전방 지역 ,2015.08.17 22:17,https://news.naver.com/main/read.nhn?mode=LSD&mid=sec&sid1=100&oid=034&aid=0002852717,북한도 대남 확성기 방송 재개...최전방 긴장 고조,No image
한국경제,[QOMPASS뉴스=이시헌 기자] 쉬고 싶어요! 다른 사람이 아닌 푸른 별 '지구'의 하소연이다. 인구가 늘고 ,2015.08.17 22:09,https://news.naver.com/main/read.nhn?mode=LSD&mid=sec&sid1=100&oid=015&aid=0003408228,당뇨병 걸린 지구 쉬고 싶다,https://imgnews.pstatic.net/image/origin/015/2015/08/17/3408228.jpg?type=ofullfill106_72
경향신문,ㆍ노사정위원장 초청 세미나ㆍ국회법·국민연금 때 판박이새누리당 친박근혜계 의원 모임인 국가경쟁력강화포럼이 이번에는 노동개혁 이슈를 ,2015.08.17 22:04,https://news.naver.com/main/read.nhn?mode=LSD&mid=sec&sid1=100&oid=032&aid=0002625415,친박계 국가경쟁력강화포럼 노동개혁 ‘전위대’로,No image
경향신문,ㆍ박 대통령 앞장서 ‘지시’하면 정부가 끌고 여당이 밀고ㆍ임금피크제 도입에만 초점,2015.08.17 22:04,https://news.naver.com/main/read.nhn?mode=LSD&mid=sec&sid1=100&oid=032&aid=0002625414,‘일자리’ 담보 없는 여 노동개혁 속도전,https://imgnews.pstatic.net/image/origin/032/2015/08/17/2625414.jpg?type=ofullfill106_72
경향신문,새정치민주연합 이종걸 원내대표(58·사진)가 취임 100일을 맞았다. 공무원연금 개혁 등 ‘밀당’이 계속됐던 여야 협상만큼이나  ,2015.08.17 22:03,https://news.naver.com/main/read.nhn?mode=LSD&mid=sec&sid1=100&oid=032&aid=0002625413,이종걸 새정치 원내대표 취임 100일… 문재인과 ‘불안한 동거’ ‘구동존이’ 주목,https://imgnews.pstatic.net/image/origin/032/2015/08/17/2625413.jpg?type=ofullfill106_72
매일경제,사진제공 = 경기도 경기도가 광복 70주년을 맞아 독립운동가 후손을 돕는 프로그램을 마련하겠다고 약속했다.남경필 경기도지사는 지 ,2015.08.17 22:02,https://news.naver.com/main/read.nhn?mode=LSD&mid=sec&sid1=100&oid=009&aid=0003549988,경기도 독립운동가 후손 돕는 프로그램 마련 약속,https://imgnews.pstatic.net/image/origin/009/2015/08/17/3549988.jpg?type=ofullfill106_72
연합뉴스,(서울=연합뉴스) 임기창 기자 = 강승규 전 새누리당 의원을 폭행한 혐의로 고소당한 새정치민주연합 노웅래 의원이 검찰에서 무혐의 ,2015.08.17 22:01,https://news.naver.com/main/read.nhn?mode=LSD&mid=sec&sid1=100&oid=001&aid=0007796964,檢 마포 전현직의원 '폭행시비' 노웅래 의원 무혐의 처분(종합),https://imgnews.pstatic.net/image/origin/001/2015/08/17/7796964.jpg?type=ofullfill106_72
매일경제,사진제공 = 경기도 경기도와 경기도교육청이 교육연정의 첫 번째 사업인 ‘반값 교복 공급’을 위해 손을 잡았다. 남경필 경기도지사 ,2015.08.17 22:01,https://news.naver.com/main/read.nhn?mode=LSD&mid=sec&sid1=100&oid=009&aid=0003549987,경기도-도 교육청 반값 교복 통해 교육연정 개시,https://imgnews.pstatic.net/image/origin/009/2015/08/17/3549987.jpg?type=ofullfill106_72
경향신문,ㆍ11년 만에 재개 남북 간 합의 무력화,2015.08.17 22:01,https://news.naver.com/main/read.nhn?mode=LSD&mid=sec&sid1=100&oid=032&aid=0002625412,북한도 ‘대남 확성기’ 맞불,No image
경향신문,ㆍ‘UFG 연습’ 국무회의 주재박근혜 대통령은 17일 북한의 비무장지대(DMZ) 지뢰 도발 사건을 놓고 “불법적으로 군사분계선을 ,2015.08.17 22:01,https://news.naver.com/main/read.nhn?mode=LSD&mid=sec&sid1=100&oid=032&aid=0002625411,박 대통령 “북 지뢰는 명백한 군사도발”,No image
경향신문,새정치민주연합 문재인 대표(62)는 17일 “박근혜 대통령이 다음달 3일 중국 전승절 기념식 행사에 참석해야 한다”고 권유했다. ,2015.08.17 22:01,https://news.naver.com/main/read.nhn?mode=LSD&mid=sec&sid1=100&oid=032&aid=0002625410,문재인 “박 대통령 중국 전승절 행사 참석해야”,No image
경향신문,ㆍ‘아베 담화’ 이후 격랑 예고▲ 내달 중국 전승절 행사 이어유엔총회 미·중 정상회담10월에는 한·미 정상회담굵직한 외교 이벤 ,2015.08.17 22:01,https://news.naver.com/main/read.nhn?mode=LSD&mid=sec&sid1=100&oid=032&aid=0002625409,동북아 외교전쟁 새 국면 한국 역량 시험대 줄줄이,https://imgnews.pstatic.net/image/origin/032/2015/08/17/2625409.jpg?type=ofullfill106_72
매일경제,윤병세 외교부 장관은 북한의 최근 비무장지대(DMZ) 목함지뢰 도발 사건이 광복·분단 70년에 한반도에 존재하는 어두운 현실을 ,2015.08.17 21:58,https://news.naver.com/main/read.nhn?mode=LSD&mid=sec&sid1=100&oid=009&aid=0003549986,윤병세 북한 지뢰도발 분단 70년 한반도 현실 보여줘,No image
JTBC,[앵커]정부를 견제 감시하는 국회의 꽃이라고 할 수 있는 게 국정감사인데요 올해 국감은 내년 총선과 맞물려 일정을 잡는 단계 ,2015.08.17 21:58,https://news.naver.com/main/read.nhn?mode=LSD&mid=sec&sid1=100&oid=437&aid=0000088401,빨리하자 vs 늦게하자…여야 국감 일정 신경전,https://imgnews.pstatic.net/image/origin/437/2015/08/17/88401.jpg?type=ofullfill106_72
JTBC,[앵커]김무성 새누리당 대표가 요즘 들어 부쩍 긍정적 역사관을 강조하며 이승만 전 대통령을 띄우는 발언을 하고 있습니다. 지지기 ,2015.08.17 21:57,https://news.naver.com/main/read.nhn?mode=LSD&mid=sec&sid1=100&oid=437&aid=0000088400,김무성의 '이승만 띄우기'…긍정적 역사관 강조 왜?,https://imgnews.pstatic.net/image/origin/437/2015/08/17/88400.jpg?type=ofullfill106_72
YTN,다음 달 초 러시아 블라디보스토크에서 열리는 동방경제포럼에 홍용표 통일부 장관과 북측 리용남 대외경제상이 나란히 초청받아 남북 ,2015.08.17 21:57,https://news.naver.com/main/read.nhn?mode=LSD&mid=sec&sid1=100&oid=034&aid=0002852715,다음달 초 러시아서 남북 장관급 접촉 가능성 제기,No image
JTBC,[앵커]당·정·청이 휴일인 어제(16일) 노동시장 개편을 강력하게 추진하기로 한데 이어 오늘은 새누리당 내 친박계가 목소리를 냈 ,2015.08.17 21:56,https://news.naver.com/main/read.nhn?mode=LSD&mid=sec&sid1=100&oid=437&aid=0000088398,'노동시장 개편' 총대 맨 친박 '속도전' 이어 '여론전',https://imgnews.pstatic.net/image/origin/437/2015/08/17/88398.jpg?type=ofullfill106_72
KBS,불법 정치자금을 받은 혐의로 5년 간 재판을 받아온 한명숙 전 국무총리에 대한 대법원 선고일이 오는 20일로 확정됐습니다. 'G ,2015.08.17 21:51,https://news.naver.com/main/read.nhn?mode=LSD&mid=sec&sid1=100&oid=056&aid=0010209562,[간추린 단신] 불법 정치자금 혐의 한명숙 전 총리 20일 선고 외,https://imgnews.pstatic.net/image/origin/056/2015/08/17/10209562.jpg?type=ofullfill106_72
TV조선,[앵커]북한의 대남 방송 재개에 맞서 우리 군은 이동식 확성기까지 투입할 계획입니다. 이동식 확성기는 언제 어디서든 20KM 이 ,2015.08.17 21:49,https://news.naver.com/main/read.nhn?mode=LSD&mid=sec&sid1=100&oid=448&aid=0000122320,이동식 확성기 투입 '초읽기'…北 경계태세 강화 ,https://imgnews.pstatic.net/image/origin/448/2015/08/17/122320.jpg?type=ofullfill106_72
TV조선,[앵커]지금 휴전선 부근에서는 확성기 전쟁이 벌어지고 있습니다. 남과 북이 서로 상대방을 향해 대남 대북 방송을 하고 있기 때 ,2015.08.17 21:49,https://news.naver.com/main/read.nhn?mode=LSD&mid=sec&sid1=100&oid=448&aid=0000122319,북한도 대남방송 재개…의도는?,https://imgnews.pstatic.net/image/origin/448/2015/08/17/122319.jpg?type=ofullfill106_72
뉴스1,김윤덕 국회의원./뉴스1 DB© News1전자문서 및 전자거래 기본법 일부개정법률안 등 관련법 2건 대표발의(전주=뉴스 ,2015.08.17 21:44,https://news.naver.com/main/read.nhn?mode=LSD&mid=sec&sid1=100&oid=421&aid=0001580311,김윤덕 의원 전자보증 대란 막을 대체입법 추진,https://imgnews.pstatic.net/image/origin/421/2015/08/17/1580311.jpg?type=ofullfill106_72
TV조선,[앵커]오늘부터 20일까지 정부가 가상의 국가 비상 사태에 대비하는 연습을 하는 을지 연습 기간입니다. 박근혜 대통령은 청와대에 ,2015.08.17 21:44,https://news.naver.com/main/read.nhn?mode=LSD&mid=sec&sid1=100&oid=448&aid=0000122318,박 대통령 을지연습 첫날 北 명백한 군사도발,https://imgnews.pstatic.net/image/origin/448/2015/08/17/122318.jpg?type=ofullfill106_72
TV조선,[앵커]통일나눔펀드는 지난달 7일에 출범했습니다. 출범 40일만에 통일나눔펀드에 참여한 사람이 5만명에 육박하고 있습니 ,2015.08.17 21:44,https://news.naver.com/main/read.nhn?mode=LSD&mid=sec&sid1=100&oid=448&aid=0000122317,'통일나눔펀드' 모금자 5만 명 돌파 눈앞에,https://imgnews.pstatic.net/image/origin/448/2015/08/17/122317.jpg?type=ofullfill106_72
MBN,‘총기난사’ 임병장 1심 이어 2심도 사형,2015.08.17 21:41,https://news.naver.com/main/read.nhn?mode=LSD&mid=sec&sid1=100&oid=057&aid=0000748560,‘총기난사’ 임병장 1심 이어 2심도 사형…유족 입장 반영,https://imgnews.pstatic.net/image/origin/057/2015/08/17/748560.jpg?type=ofullfill106_72
매일경제,윤병세 외교부 장관은 오는 21일 코스타리카 산호세에서 개최되는 제7차 동아시아·라틴아메리카 협력포럼(FEALAC) 외교장관회의 ,2015.08.17 21:36,https://news.naver.com/main/read.nhn?mode=LSD&mid=sec&sid1=100&oid=009&aid=0003549977,윤병세 외교 동아시아·라틴아메리카 외교장관회의 참석(종합),No image
JTBC,시청자 여러분 JTBC 뉴스룸 2부의 문을 열겠습니다.딸이 대학 내내 A학점을 받았는데 취업이 쉽게 되지 않았다한 야당의원 ,2015.08.17 21:35,https://news.naver.com/main/read.nhn?mode=LSD&mid=sec&sid1=100&oid=437&aid=0000088396,[앵커브리핑] '아들 밥은 먹었느냐'…힘없는 아버지의 심정,https://imgnews.pstatic.net/image/origin/437/2015/08/17/88396.jpg?type=ofullfill106_72
한겨레,[한겨레] ① 국정 성과 낼까창조경제 ‘관치경제’ 논란노동개편도 ‘빗나간 처방’ 우려② 남북관계 달라질까북 비난하면서 대화 제의 ,2015.08.17 21:35,https://news.naver.com/main/read.nhn?mode=LSD&mid=sec&sid1=100&oid=028&aid=0002285961,반환점에 선 박 대통령 임기 후반 가를 세 가지,No image
한겨레,[한겨레] ‘국가경쟁력강화 포럼’김대환 노사정위원장 초청친박의원 40여명 북새통유승민계 의원들도 참석 눈길김대환 경제사회발전노사 ,2015.08.17 21:35,https://news.naver.com/main/read.nhn?mode=LSD&mid=sec&sid1=100&oid=028&aid=0002285960,친박 40여명 총출동 “노동 개혁은 선택 아닌 당위”,https://imgnews.pstatic.net/image/origin/028/2015/08/17/2285960.jpg?type=ofullfill106_72
한겨레,[한겨레] 원내대표 100일 간담회탈당·신당론에 ‘선 긋기’“경제민주화 시즌2 열겠다”재벌개혁 의지도 드러내이종걸 새정치민주연합 ,2015.08.17 21:35,https://news.naver.com/main/read.nhn?mode=LSD&mid=sec&sid1=100&oid=028&aid=0002285959,이종걸 “이번엔 총선 번호 유지 좋을 것…저의 동물적 감각이 그렇다”,https://imgnews.pstatic.net/image/origin/028/2015/08/17/2285959.jpg?type=ofullfill106_72
매일경제,북한이 세계 각지의 친북단체들을 동원해 한미연합군사훈련과 대북 확성기 방송을 중단하라며 여론몰이에 나섰다.아시아아프리카인민단결기 ,2015.08.17 21:34,https://news.naver.com/main/read.nhn?mode=LSD&mid=sec&sid1=100&oid=009&aid=0003549976,북한 친북단체 동원 한미훈련·대북방송 중단하라 여론전,No image
세계일보,박근혜 대통령이 17일 오전 ‘지하벙커’로 불리는 청와대 국가위기관리상황실에서 을지 국가안전보장회의(NSC ,2015.08.17 21:32,https://news.naver.com/main/read.nhn?mode=LSD&mid=sec&sid1=100&oid=022&aid=0002892804,靑 지하벙커서 NSC,https://imgnews.pstatic.net/image/origin/022/2015/08/17/2892804.jpg?type=ofullfill106_72
한국일보,새정치 윤리심판원 취업 청탁 논란 윤후덕 의원 직권조사윤후덕 새정치민주연합 의원의 ‘딸 대기업 취업 청탁 논란’이 거세지는 가 ,2015.08.17 21:32,https://news.naver.com/main/read.nhn?mode=LSD&mid=sec&sid1=100&oid=469&aid=0000081999,새누리 재선 의원 아들도 채용 특혜 의혹,No image
서울경제,합참 우리 대북방송 방해 의도을지훈련과 겹쳐 긴장감 고조 북한이 11년 만에 대남확성기 방송을 재개한 것으로 17일 알려졌다 ,2015.08.17 21:32,https://news.naver.com/main/read.nhn?mode=LSD&mid=sec&sid1=100&oid=011&aid=0002726589,북한도 11년만에 대남확성기 방송 재개,No image
한겨레,[한겨레] 북쪽이 전방지역에서 대남 확성기 방송을 시작했다. 남쪽의 대북 확성기 방송 재개에 맞선 조치로 해석된다. 이로써 남북 ,2015.08.17 21:26,https://news.naver.com/main/read.nhn?mode=LSD&mid=sec&sid1=100&oid=028&aid=0002285956,북도 대남 확성기 방송 재개,No image
KBS,<앵커 멘트>우리와 맞붙을 북한팀은 북한 축구영재의 요람이라는 평양국제축구학교 선수들인데요.KBS 취재진이 이 선수들을 직접 취 ,2015.08.17 21:23,https://news.naver.com/main/read.nhn?mode=LSD&mid=sec&sid1=100&oid=056&aid=0010209547,북 축구 영재의 요람 ‘평양국제축구학교’,https://imgnews.pstatic.net/image/origin/056/2015/08/17/10209547.jpg?type=ofullfill106_72
SBS,<앵커>그제(15일) 광복절을 기점으로 그동안 과거사 중심의 한중일 외교전이 실리 외교로 전환되는 분위기입니다. 먼저 ,2015.08.17 21:21,https://news.naver.com/main/read.nhn?mode=LSD&mid=sec&sid1=100&oid=055&aid=0000329077,한중일 실리외교 전환…동북아 주도권 외교전,https://imgnews.pstatic.net/image/origin/055/2015/08/17/329077.jpg?type=ofullfill106_72
노컷뉴스,사장 재량권 vs 명백한 배임 [CBS노컷뉴스 조은정 기자]캐나다 자원개발업체 하베스트의 부실 자회사 날(NARL)을 인 ,2015.08.17 21:21,https://news.naver.com/main/read.nhn?mode=LSD&mid=sec&sid1=100&oid=079&aid=0002740216,하베스트 부실인수 강영원 첫 재판 신경전 '팽팽',https://imgnews.pstatic.net/image/origin/079/2015/08/17/2740216.jpg?type=ofullfill106_72
뉴스1,김양 전 국가보훈처장. © News1변호인 재판장과 함께 근무 경력 있어 연고 논란 가능성(서울=뉴스1) 성도현 기자 ,2015.08.17 21:20,https://news.naver.com/main/read.nhn?mode=LSD&mid=sec&sid1=100&oid=421&aid=0001580295,'방산비리' 김양 변호인 줄사임에 광장 새로 선임(종합),https://imgnews.pstatic.net/image/origin/421/2015/08/17/1580295.jpg?type=ofullfill106_72
연합뉴스TV,여야 '국정감사 시기' 합의 불발[앵커]여야가 올해 국정감사 일정 조율에 나섰지만 또 다시 평행선을 달렸습니다. 9월이냐 1 ,2015.08.17 21:18,https://news.naver.com/main/read.nhn?mode=LSD&mid=sec&sid1=100&oid=422&aid=0000131207,여야 '국정감사 시기' 합의 불발,https://imgnews.pstatic.net/image/origin/422/2015/08/17/131207.jpg?type=ofullfill106_72
세계일보,최근 북한의 비무장지대(DMZ) ‘목함지뢰’ 도발을 계기로 우리 군이 대북 확성기 방송을 11년 만에 재개 ,2015.08.17 21:16,https://news.naver.com/main/read.nhn?mode=LSD&mid=sec&sid1=100&oid=022&aid=0002892772,분단 역사의 산증인… 대남 대북 심리전 역사,No image
연합뉴스,(서울=연합뉴스) 이봉석 기자 = 북한이 세계 각지의 친북단체들을 동원해 한미연합군사훈련과 대북 확성기 방송을 중단하라며 여론몰 ,2015.08.17 21:14,https://news.naver.com/main/read.nhn?mode=LSD&mid=sec&sid1=100&oid=001&aid=0007796924,북한 친북단체 동원 한미훈련·대북방송 중단하라 여론전,https://imgnews.pstatic.net/image/origin/001/2015/08/17/7796924.jpg?type=ofullfill106_72
연합뉴스,(서울=연합뉴스) 방현덕 기자 = 해군 해상작전 헬기 '와일드캣' 도입비리로 지난달 구속기소된 백범 김구의 손자 김양(62) 전 ,2015.08.17 21:13,https://news.naver.com/main/read.nhn?mode=LSD&mid=sec&sid1=100&oid=001&aid=0007796923,'방산비리' 김양 이번엔 재판장과 '한솥밥 변호인' 선임,https://imgnews.pstatic.net/image/origin/001/2015/08/17/7796923.jpg?type=ofullfill106_72
KBS,<앵커 멘트> 박근혜 대통령은 을지 훈련 첫날을 맞아 을지 국가안전 보장회의와 을지 국무회의를 잇따라 주재했습니다. 박 대통령 ,2015.08.17 21:08,https://news.naver.com/main/read.nhn?mode=LSD&mid=sec&sid1=100&oid=056&aid=0010209539,박 대통령 “북 지뢰 명백한 도발…대비 태세 갖춰야”,https://imgnews.pstatic.net/image/origin/056/2015/08/17/10209539.jpg?type=ofullfill106_72
한국경제,대법원 전원합의체(주심 이상훈 대법관)는 불법정치자금 9억원을 받은 혐의로 2013년 9월 2심에서 징역 2년이 선고된 한명숙  ,2015.08.17 21:08,https://news.naver.com/main/read.nhn?mode=LSD&mid=sec&sid1=100&oid=015&aid=0003408201,대법원 한명숙 '불법정치자금 상고심' 20일 선고,No image
KBS,<앵커 멘트> 여러분 안녕하십니까? 8월 17일 월요일 KBS 9시 뉴습니다. 첫 소식입니다. 우리 군의 대북 확성기 방송에  ,2015.08.17 21:07,https://news.naver.com/main/read.nhn?mode=LSD&mid=sec&sid1=100&oid=056&aid=0010209538,북한 11년 만에 대남 방송 재개…긴장 고조,https://imgnews.pstatic.net/image/origin/056/2015/08/17/10209538.jpg?type=ofullfill106_72
YTN,[앵커] 북한의 지뢰 도발에 대한 응징 차원에서 우리 군이 대북확성기 방송을 재개하자 북한도 11년 만에 대남 방송을 재개했습니 ,2015.08.17 21:02,https://news.naver.com/main/read.nhn?mode=LSD&mid=sec&sid1=100&oid=052&aid=0000708217,북 대남방송 재개...최전방 긴장 고조,https://imgnews.pstatic.net/image/origin/052/2015/08/17/708217.jpg?type=ofullfill106_72
YTN,[앵커] 박근혜 대통령은 을지프리덤가디언 연습 첫날 평화통일을 이루기 위해서도 강력한 군사대비 태세가 전제돼야 한다고 강조했습니 ,2015.08.17 21:02,https://news.naver.com/main/read.nhn?mode=LSD&mid=sec&sid1=100&oid=052&aid=0000708216,박근혜 대통령 북 지뢰 명백한 군사도발...軍 자세 다잡아야,https://imgnews.pstatic.net/image/origin/052/2015/08/17/708216.jpg?type=ofullfill106_72
YTN,[앵커] 인민군 최고위 인사인 리영길 총참모장과 김영철 정찰총국장이 북한의 광복 70주년 행사에 나란히 불참해 그 배경에 관심 ,2015.08.17 21:01,https://news.naver.com/main/read.nhn?mode=LSD&mid=sec&sid1=100&oid=052&aid=0000708215,자취 감춘 北 군 수뇌부 이유는?,https://imgnews.pstatic.net/image/origin/052/2015/08/17/708215.jpg?type=ofullfill106_72
부산일보,지난 4일 발생한 비무장지대(DMZ) 지뢰도발 사건을 계기로 우리 군이 대북 확성기 방송을 11년 만에 재개한 가운데 북한군도 ,2015.08.17 21:00,https://news.naver.com/main/read.nhn?mode=LSD&mid=sec&sid1=100&oid=082&aid=0000524742,북한군도 확성기 방송 재개…최전방 긴장수위 급상승,No image
YTN,[앵커] 대기업에 딸의 취업을 청탁했다는 의혹이 제기된 새정치민주연합 윤후덕 의원의 논란이 계속되자 새누리당 의원들이 국회 차 ,2015.08.17 20:59,https://news.naver.com/main/read.nhn?mode=LSD&mid=sec&sid1=100&oid=052&aid=0000708208,與 윤후덕 징계해야...野 심학봉 제명해야,https://imgnews.pstatic.net/image/origin/052/2015/08/17/708208.jpg?type=ofullfill106_72
YTN,[앵커] 8월 임시국회가 구체적인 의사일정을 잡지 못한 채 공전을 거듭하고 있는 가운데 노동개혁과 재벌개혁을 둘러싼 여야의 기 ,2015.08.17 20:59,https://news.naver.com/main/read.nhn?mode=LSD&mid=sec&sid1=100&oid=052&aid=0000708207,與 9월 초 노동개혁 법안 제출 vs. 野 재벌개혁부터,https://imgnews.pstatic.net/image/origin/052/2015/08/17/708207.jpg?type=ofullfill106_72
경향신문,새정치민주연합 이종걸 원내대표(58)가 취임 100일을 맞았다. 공무원연금 개혁 등 ‘밀당’이 계속됐던 여야 협상만큼이나 당내에 ,2015.08.17 20:57,https://news.naver.com/main/read.nhn?mode=LSD&mid=sec&sid1=100&oid=032&aid=0002625326,새정치연합 이종걸 원내대표 100일 ... 문재인 대표와의 '구동존이',No image
뉴시스,檢 서울 마포구 전·현직 의원 '폭행시비' 고소 무혐의 【서울=뉴시스】오동현 기자 = 서울 마포구 전·현직 국회의원들의 폭행  ,2015.08.17 20:56,https://news.naver.com/main/read.nhn?mode=LSD&mid=sec&sid1=100&oid=003&aid=0006700419,檢 서울 마포구 전·현직 의원 '쌍방고소' 무혐의,No image
연합뉴스,러시아측 南 통일부 장관·北 대외경제상 초청 성사시 나진-하산 프로젝트 등 남북러 경제협력 논의될 듯 (서울=연합뉴스) 김호준 ,2015.08.17 20:55,https://news.naver.com/main/read.nhn?mode=LSD&mid=sec&sid1=100&oid=001&aid=0007796918,내달 초 러시아 극동서 남북 장관급 접촉 가능성,https://imgnews.pstatic.net/image/origin/001/2015/08/17/7796918.jpg?type=ofullfill106_72
JTBC,[앵커]이른바 '현대판 로스쿨 음서제' 문제가 계속 불거지고 있습니다. 음서제는 아시는 것처럼 고위 관리의 자제는 과거 시험을  ,2015.08.17 20:49,https://news.naver.com/main/read.nhn?mode=LSD&mid=sec&sid1=100&oid=437&aid=0000088380,또 '현대판 로스쿨 음서제'…의원 아들 특혜채용 논란,https://imgnews.pstatic.net/image/origin/437/2015/08/17/88380.jpg?type=ofullfill106_72
KBS,새누리당 윤상현 의원은 김무성 대표가 역점 과제로 추진 중인 오픈 프라이머리 이른바 '국민 공천제'의 대안을 마련할 필요가 있 ,2015.08.17 20:41,https://news.naver.com/main/read.nhn?mode=LSD&mid=sec&sid1=100&oid=056&aid=0010209532,윤상현 “오픈프라이머리 어려워…당대표 해결책 내야”,No image
MBN,【 앵커멘트 】 북한이 지난 15일부터 기존보다 30분 늦춰진 표준시를 적용하면서 당장 개성공단도 영향을 받고 있습니다. 불과 ,2015.08.17 20:40,https://news.naver.com/main/read.nhn?mode=LSD&mid=sec&sid1=100&oid=057&aid=0000748526,30분 늦춰진 개성공단 시계…생산차질은 없어,https://imgnews.pstatic.net/image/origin/057/2015/08/17/748526.jpg?type=ofullfill106_72
연합뉴스,(서울=연합뉴스) 정의화 국회의장(맨 오른쪽)이 17일 오후 의장 집무실에서 제2회 나눔장터 성금 전달식을 갖고 참석자들과 기념 ,2015.08.17 20:37,https://news.naver.com/main/read.nhn?mode=LSD&mid=sec&sid1=100&oid=001&aid=0007796914,제2회 나눔장터 성금 전달식,https://imgnews.pstatic.net/image/origin/001/2015/08/17/7796914.jpg?type=ofullfill106_72
한겨레,[한겨레] 새정치민주연합 홍영표 의원(사진·인천 부평구을)은 17일 “조부의 친일 행각을 고백한 것을 후회하지 않으며 내년 총 ,2015.08.17 20:35,https://news.naver.com/main/read.nhn?mode=LSD&mid=sec&sid1=100&oid=028&aid=0002285923,홍영표 의원 “친일 후손으로서 짊어져야 할 업보 내년 총선서 심판받겠다”,https://imgnews.pstatic.net/image/origin/028/2015/08/17/2285923.jpg?type=ofullfill106_72
한겨레,[한겨레] 작년 ‘헤론’ 선정 400억대 사업이규태 회장이 에이전트 맡아합수단 시험평가단 대령 소환군 기밀유출·로비 의혹 조사 ,2015.08.17 20:35,https://news.naver.com/main/read.nhn?mode=LSD&mid=sec&sid1=100&oid=028&aid=0002285922,‘육군 무인정찰기’ 도입 비리도 수사 착수,No image
연합뉴스,(평양 조선중앙통신=연합뉴스) 북한과 베트남의 친선협회결성 50돌에 즈음한 친선모임이 경상유치원에서 진행되었다고 조선중앙통신이  ,2015.08.17 20:28,https://news.naver.com/main/read.nhn?mode=LSD&mid=sec&sid1=100&oid=001&aid=0007796908,북한-베트남 친선협회결성 50돌 즈음 친선모임,https://imgnews.pstatic.net/image/origin/001/2015/08/17/7796908.jpg?type=ofullfill106_72
연합뉴스,(평양 조선중앙통신=연합뉴스) 북한과 베트남의 친선협회결성 50돌에 즈음한 친선모임이 경상유치원에서 진행되었다고 조선중앙통신이  ,2015.08.17 20:28,https://news.naver.com/main/read.nhn?mode=LSD&mid=sec&sid1=100&oid=001&aid=0007796907,북한-베트남 친선협회결성 50돌 즈음 친선모임,https://imgnews.pstatic.net/image/origin/001/2015/08/17/7796907.jpg?type=ofullfill106_72
연합뉴스,(평양 조선중앙통신=연합뉴스) 북한과 베트남의 친선협회결성 50돌에 즈음한 친선모임이 경상유치원에서 진행되었다고 조선중앙통신이  ,2015.08.17 20:28,https://news.naver.com/main/read.nhn?mode=LSD&mid=sec&sid1=100&oid=001&aid=0007796906,북한-베트남 친선협회결성 50돌 즈음 친선모임,https://imgnews.pstatic.net/image/origin/001/2015/08/17/7796906.jpg?type=ofullfill106_72
연합뉴스,(평양 조선중앙통신=연합뉴스) 북한과 베트남의 친선협회결성 50돌에 즈음한 친선모임이 경상유치원에서 진행되었다고 조선중앙통신이  ,2015.08.17 20:28,https://news.naver.com/main/read.nhn?mode=LSD&mid=sec&sid1=100&oid=001&aid=0007796905,북한-베트남 친선협회결성 50돌 즈음 친선모임,https://imgnews.pstatic.net/image/origin/001/2015/08/17/7796905.jpg?type=ofullfill106_72
연합뉴스,(평양 조선중앙통신=연합뉴스) 북한에서 열린 광복 70주년 기념 국제연대성행사에 참가한 친선 및 연대성단체 인사들에게 훈장 및  ,2015.08.17 20:28,https://news.naver.com/main/read.nhn?mode=LSD&mid=sec&sid1=100&oid=001&aid=0007796896,북 광복 행사 참가 인사에 훈장 수여,https://imgnews.pstatic.net/image/origin/001/2015/08/17/7796896.jpg?type=ofullfill106_72
연합뉴스,(평양 조선중앙통신=연합뉴스) 북한에서 열린 광복 70주년 기념 국제연대성행사에 참가한 친선 및 연대성단체 인사들에게 훈장 및  ,2015.08.17 20:27,https://news.naver.com/main/read.nhn?mode=LSD&mid=sec&sid1=100&oid=001&aid=0007796895,북 광복 행사 참가 인사에 훈장 수여,https://imgnews.pstatic.net/image/origin/001/2015/08/17/7796895.jpg?type=ofullfill106_72
연합뉴스,(평양 조선중앙통신=연합뉴스) 북한에서 열린 광복 70주년 기념 국제연대성행사에 참가한 친선 및 연대성단체 인사들에게 훈장 및  ,2015.08.17 20:27,https://news.naver.com/main/read.nhn?mode=LSD&mid=sec&sid1=100&oid=001&aid=0007796894,북 광복 행사 참가 인사에 훈장 수여,https://imgnews.pstatic.net/image/origin/001/2015/08/17/7796894.jpg?type=ofullfill106_72
연합뉴스,(평양 조선중앙통신=연합뉴스) 북한에서 열린 광복 70주년 기념 국제연대성행사에 참가한 친선 및 연대성단체 인사들에게 훈장 및  ,2015.08.17 20:27,https://news.naver.com/main/read.nhn?mode=LSD&mid=sec&sid1=100&oid=001&aid=0007796893,북 광복 행사 참가 인사에 훈장 수여,https://imgnews.pstatic.net/image/origin/001/2015/08/17/7796893.jpg?type=ofullfill106_72
연합뉴스,(평양 조선중앙통신=연합뉴스) 북한에서 열린 광복 70주년 기념 국제연대성행사에 참가한 친선 및 연대성단체 인사들에게 훈장 및  ,2015.08.17 20:27,https://news.naver.com/main/read.nhn?mode=LSD&mid=sec&sid1=100&oid=001&aid=0007796892,북 광복 행사 참가 인사에 훈장 수여,https://imgnews.pstatic.net/image/origin/001/2015/08/17/7796892.jpg?type=ofullfill106_72
한겨레,[한겨레] 자신의 지역구에 사업장을 둔 대기업에 딸을 특채시켰다는 의혹을 받고 있는 윤후덕 새정치민주연합 의원이 당 윤리심판원에 ,2015.08.17 20:26,https://news.naver.com/main/read.nhn?mode=LSD&mid=sec&sid1=100&oid=028&aid=0002285916,새정치 ‘지역구 대기업에 딸 취업청탁’ 윤후덕 ‘윤리심판원’ 회부,No image
한겨레,[한겨레] 이종걸 새정치 원내대표 100일 회견국회법 개정하면 ‘유연 대응’ 밝혀 이종걸 새정치민주연합 원내대표가 17일 오후  ,2015.08.17 20:26,https://news.naver.com/main/read.nhn?mode=LSD&mid=sec&sid1=100&oid=028&aid=0002285915,이종걸 “‘성완종 리스트’ ‘미군 탄저균 반입’ 등  상임위 청문회로 진상규명 할수도,https://imgnews.pstatic.net/image/origin/028/2015/08/17/2285915.jpg?type=ofullfill106_72
한겨레,[한겨레] 최고위서 “주도하는 외교 해야”문재인 새정치민주연합 대표가 17일 박근혜 대통령의 중국 전승절 행사 참석을 공식 권유 ,2015.08.17 20:26,https://news.naver.com/main/read.nhn?mode=LSD&mid=sec&sid1=100&oid=028&aid=0002285914,문재인 ‘박 대통령 중 전승절 행사 참석’ 공식 권유,No image
한겨레,[한겨레] 친박 세미나 참석해 ‘쓴소리’“2012년 정년연장 때임금피크 명시안해 아쉬움”“현재 ‘6-3-3-4’ 학제 2년 단 ,2015.08.17 20:26,https://news.naver.com/main/read.nhn?mode=LSD&mid=sec&sid1=100&oid=028&aid=0002285913,김대환 “정부 정책 발표 때마다 가슴이 덜컥덜컥”,https://imgnews.pstatic.net/image/origin/028/2015/08/17/2285913.jpg?type=ofullfill106_72
한국일보,대립각 세우는 여야 대표선거제도 빅딜싸고 신경전5·24조치 해법에도 인식차김무성 뉴라이트 등 보수층 겨냥이승만 국부론·교과서  ,2015.08.17 20:25,https://news.naver.com/main/read.nhn?mode=LSD&mid=sec&sid1=100&oid=469&aid=0000081957,현안마다… 金·文 '선명성 기싸움',https://imgnews.pstatic.net/image/origin/469/2015/08/17/81957.jpg?type=ofullfill106_72
JTBC,[앵커]검찰은 김용판 전 청장을 선거법 위반 직권남용 등의 혐의로 기소하면서 권 의원의 진술을 중요한 증거로 삼았습니다. 권  ,2015.08.17 20:24,https://news.naver.com/main/read.nhn?mode=LSD&mid=sec&sid1=100&oid=437&aid=0000088376,권은희 진술 중요 증거 삼더니…'180도' 달라진 검찰,https://imgnews.pstatic.net/image/origin/437/2015/08/17/88376.jpg?type=ofullfill106_72
한국일보,새정치 이종걸 원내대표 100일민생중심 성장 경제 창출할 것 이종걸(왼쪽) 새정치민주연합 원내대표가 17일 국회에서 취임 1 ,2015.08.17 20:24,https://news.naver.com/main/read.nhn?mode=LSD&mid=sec&sid1=100&oid=469&aid=0000081955,文 대표와 다르지만 틀리지는 않아… 더 큰 갈등·균열 막는데 기여했다,https://imgnews.pstatic.net/image/origin/469/2015/08/17/81955.jpg?type=ofullfill106_72
JTBC,[앵커]검찰이 빠르면 내일(18일) 새정치민주연합 권은희 의원을 위증 혐의로 재판에 넘기기로 한 것으로 확인됐습니다. 권 의원 ,2015.08.17 20:23,https://news.naver.com/main/read.nhn?mode=LSD&mid=sec&sid1=100&oid=437&aid=0000088375,검찰 '위증 혐의' 권은희 의원 이르면 내일 기소 방침,https://imgnews.pstatic.net/image/origin/437/2015/08/17/88375.jpg?type=ofullfill106_72
MBC,[뉴스데스크]◀ 앵커 ▶박근혜 대통령은 을지프리덤가디언 연습에 따른 국가안전보장회의와 국무회의를 주재했습니다.박 대통령은 확고한 ,2015.08.17 20:23,https://news.naver.com/main/read.nhn?mode=LSD&mid=sec&sid1=100&oid=214&aid=0000528172,박 대통령 강력한 군사 대비태세 실전같은 훈련,https://imgnews.pstatic.net/image/origin/214/2015/08/17/528172.jpg?type=ofullfill106_72
MBC,[뉴스데스크]◀ 앵커 ▶북한과 마주한 최전방의 긴장이 고조되고 있습니다.북한의 지뢰도발로 우리 군이 확성기 방송을 재개하지 않았 ,2015.08.17 20:23,https://news.naver.com/main/read.nhn?mode=LSD&mid=sec&sid1=100&oid=214&aid=0000528171,북한軍 대남확성기방송 재개 한미 UFG연습 시작,https://imgnews.pstatic.net/image/origin/214/2015/08/17/528171.jpg?type=ofullfill106_72
MBN,임병장 2심 선고 '사형',2015.08.17 20:23,https://news.naver.com/main/read.nhn?mode=LSD&mid=sec&sid1=100&oid=057&aid=0000748507,임병장 2심 선고 '사형'…진심으로 사죄하는 모습 없었다,https://imgnews.pstatic.net/image/origin/057/2015/08/17/748507.jpg?type=ofullfill106_72
한국일보,국정과제 뒷받침 친박계 모임김대환 노사정 위원장 초청 세미나선택이 아닌 당위의 문제 힘 싣기김대환(왼쪽) 경제사회발전노사정위 ,2015.08.17 20:23,https://news.naver.com/main/read.nhn?mode=LSD&mid=sec&sid1=100&oid=469&aid=0000081953,경쟁력강화포럼 '노동개혁' 지원사격,https://imgnews.pstatic.net/image/origin/469/2015/08/17/81953.jpg?type=ofullfill106_72
연합뉴스,법조인들 정보공개 청구,2015.08.17 20:22,https://news.naver.com/main/read.nhn?mode=LSD&mid=sec&sid1=100&oid=001&aid=0007796891,정부법무공단에 국회의원 아들 변호사 '특혜 채용' 논란,No image
연합뉴스TV,'GOP 총기난사' 임 병장 軍 법원 2심서도 사형[앵커] 지난해 강원도 고성의 GOP에서 수류탄을 던지고 총기를 난사해 동료 ,2015.08.17 20:19,https://news.naver.com/main/read.nhn?mode=LSD&mid=sec&sid1=100&oid=422&aid=0000131201,'GOP 총기난사' 임 병장 軍 법원 2심서도 사형,https://imgnews.pstatic.net/image/origin/422/2015/08/17/131201.jpg?type=ofullfill106_72
MBN,【 앵커멘트 】 그럼 우리 국민은 5·24조치에 대해 어떤 생각을 하고 있을까요? MBN이 리얼미터에 의뢰해 긴급 여론조사를 해 ,2015.08.17 20:16,https://news.naver.com/main/read.nhn?mode=LSD&mid=sec&sid1=100&oid=057&aid=0000748505,북한 사과 때까지 5·24조치 유지 49.1%,https://imgnews.pstatic.net/image/origin/057/2015/08/17/748505.jpg?type=ofullfill106_72
SBS,<앵커>박근혜 대통령은 을지 훈련 첫날 국무회의를 주재한 자리에서 북한의 지뢰 도발을 강력하게 비판했습니다. 불법적으 ,2015.08.17 20:15,https://news.naver.com/main/read.nhn?mode=LSD&mid=sec&sid1=100&oid=055&aid=0000329044,을지연습 시작…지뢰 사건은 명백한 군사도발,https://imgnews.pstatic.net/image/origin/055/2015/08/17/329044.jpg?type=ofullfill106_72
한겨레,[한겨레] ‘을지 국무회의’에서 비판 수위 높여,2015.08.17 20:15,https://news.naver.com/main/read.nhn?mode=LSD&mid=sec&sid1=100&oid=028&aid=0002285909,박 대통령 대화 강조 이틀만에 “북 지뢰는 명백한 도발” 강경 발언,https://imgnews.pstatic.net/image/origin/028/2015/08/17/2285909.jpg?type=ofullfill106_72
한겨레,[한겨레] 김무성 새누리당 대표와 문재인 새정치민주연합 대표가 천안함 사건에 따른 대북 제재인 ‘5·24조치’ 해제 문제를 놓고 ,2015.08.17 20:15,https://news.naver.com/main/read.nhn?mode=LSD&mid=sec&sid1=100&oid=028&aid=0002285908,새누리 “5·24 조치 해제 부적절”…새정치 “여당 대안도 없이 반대”,No image
한겨레,[한겨레] 국가정보원의 민간인 해킹 의혹 사건 진상규명을 위해 지난달 출범한 새정치민주연합의 국민정보지키기위원회가 사실상 별다른 ,2015.08.17 20:15,https://news.naver.com/main/read.nhn?mode=LSD&mid=sec&sid1=100&oid=028&aid=0002285906,적반하장 새누리 비협조로 일관하더니 성과 없다며 “괴담”,No image
한겨레,[한겨레] 박근혜 정부 들어 계속 비공개50개 중앙행정기관도 누리집 부실공개공공기관 업무추진비 공개 의무화 무색경호실 “은폐 아 ,2015.08.17 20:15,https://news.naver.com/main/read.nhn?mode=LSD&mid=sec&sid1=100&oid=028&aid=0002285905,대통령 경호실 업무추진비도 ‘비밀 경호’?,https://imgnews.pstatic.net/image/origin/028/2015/08/17/2285905.jpg?type=ofullfill106_72
한겨레,[한겨레] 국정원 ‘로그파일 제출 불가’ 고수핵심사안 진상규명 한계 부닥쳐내일 기자간담회 갖고 마무리과거 드러난 사실 재확인 그 ,2015.08.17 20:15,https://news.naver.com/main/read.nhn?mode=LSD&mid=sec&sid1=100&oid=028&aid=0002285904,야당 ‘국정원 해킹 특위’ 빈손…민간인 사찰 ‘미궁’으로,https://imgnews.pstatic.net/image/origin/028/2015/08/17/2285904.jpg?type=ofullfill106_72
MBN,【 앵커멘트 】 새누리당이 5·24 대북 제재 조치를 해제하자는 새정치연합 문재인 대표의 제안을 사실상 거부했습니다. 문 대표는 ,2015.08.17 20:14,https://news.naver.com/main/read.nhn?mode=LSD&mid=sec&sid1=100&oid=057&aid=0000748503,5·24 해제 놓고 여야 대표 거부 vs 유감,https://imgnews.pstatic.net/image/origin/057/2015/08/17/748503.jpg?type=ofullfill106_72
연합뉴스TV,비례대표 10명 중 9명 '지역구 갈아타기' 가닥[앵커] 비례대표 의원 10명 중 9명꼴로 지역구 의원으로 변신할 준비를 하고  ,2015.08.17 20:13,https://news.naver.com/main/read.nhn?mode=LSD&mid=sec&sid1=100&oid=422&aid=0000131200,비례대표 10명 중 9명 '지역구 갈아타기' 가닥,https://imgnews.pstatic.net/image/origin/422/2015/08/17/131200.jpg?type=ofullfill106_72
SBS,<앵커>북한군이 동부 전선 일부 지역에서 대남 확성기 방송을 시작했습니다. 우리 군의 대북 방송 재개에 대한 맞대응으 ,2015.08.17 20:12,https://news.naver.com/main/read.nhn?mode=LSD&mid=sec&sid1=100&oid=055&aid=0000329043,北 확성기 방송 맞대응…미사일 도발 예의 주시,https://imgnews.pstatic.net/image/origin/055/2015/08/17/329043.jpg?type=ofullfill106_72
뉴스1,윤후덕 새정치민주연합 의원. © News1윤후덕 의원 외에 새누리당 의원 자녀도 법무공단 취업 특혜 의혹(서울=뉴스1) ,2015.08.17 20:12,https://news.naver.com/main/read.nhn?mode=LSD&mid=sec&sid1=100&oid=421&aid=0001580256,국회의원 자녀들 여야 안가리고 '갑질 특혜취업',https://imgnews.pstatic.net/image/origin/421/2015/08/17/1580256.jpg?type=ofullfill106_72
MBN,【 앵커멘트 】 북한의 지뢰도발 응징 차원에서 우리 군이 11년 만에 대북 확성기 방송을 재개하자 북한도 대남 방송을 재개하며  ,2015.08.17 20:12,https://news.naver.com/main/read.nhn?mode=LSD&mid=sec&sid1=100&oid=057&aid=0000748501,북한도 11년 만에 대남 확성기 방송 '맞불',https://imgnews.pstatic.net/image/origin/057/2015/08/17/748501.jpg?type=ofullfill106_72
연합뉴스,(서울=연합뉴스) 임기창 기자 = 강승규 전 새누리당 의원을 폭행한 혐의로 고소당한 새정치민주연합 노웅래 의원이 검찰에서 무혐의 ,2015.08.17 20:10,https://news.naver.com/main/read.nhn?mode=LSD&mid=sec&sid1=100&oid=001&aid=0007796884,검찰 새정치 노웅래 의원 '폭행시비' 무혐의 처분,https://imgnews.pstatic.net/image/origin/001/2015/08/17/7796884.jpg?type=ofullfill106_72
MBN,【 앵커멘트 】 애초 다음 달 4일에 열기로 했던 국정감사가 또 한 달 이상 연기될 것으로 보입니다. 매년 나오던 '날림 국감' ,2015.08.17 20:10,https://news.naver.com/main/read.nhn?mode=LSD&mid=sec&sid1=100&oid=057&aid=0000748500,여야 정쟁에 밀리는 국감…날림 국감 우려,https://imgnews.pstatic.net/image/origin/057/2015/08/17/748500.jpg?type=ofullfill106_72
연합뉴스TV,靑 광복절 경축사 후속조치 본격 착수[앵커]청와대는 박근혜 대통령이 광복절 경축사에서 밝힌 하반기 국정운영 방안의 후속조치에  ,2015.08.17 20:09,https://news.naver.com/main/read.nhn?mode=LSD&mid=sec&sid1=100&oid=422&aid=0000131199,靑 광복절 경축사 후속조치 본격 착수,https://imgnews.pstatic.net/image/origin/422/2015/08/17/131199.jpg?type=ofullfill106_72
연합뉴스TV,통일부 개성공단 원활한 운영 위해 北 표준시 맞출 것[앵커] 북한은 지난 15일부터 우리보다 30분 늦은 표준시를 사용합니다 ,2015.08.17 20:09,https://news.naver.com/main/read.nhn?mode=LSD&mid=sec&sid1=100&oid=422&aid=0000131198,통일부 개성공단 원활한 운영 위해 北 표준시 맞출 것,https://imgnews.pstatic.net/image/origin/422/2015/08/17/131198.jpg?type=ofullfill106_72
뉴시스,【파주=뉴시스】고승민 기자 = 17일 오전 경기 파주시 장준하공원에서 열린 故 장준하 선생 40주기 추모식에서 장준하 선생의 아 ,2015.08.17 20:06,https://news.naver.com/main/read.nhn?mode=LSD&mid=sec&sid1=100&oid=003&aid=0006700390,故 장준하 선생의 넋을 기리며,https://imgnews.pstatic.net/image/origin/003/2015/08/17/6700390.jpg?type=ofullfill106_72
연합뉴스TV,북한군 동부전선 확성기 방송 재개,2015.08.17 20:05,https://news.naver.com/main/read.nhn?mode=LSD&mid=sec&sid1=100&oid=422&aid=0000131197,북한군 동부전선 확성기 방송 재개…최전방 긴박,https://imgnews.pstatic.net/image/origin/422/2015/08/17/131197.jpg?type=ofullfill106_72
JTBC,[앵커]계속해서 여당 40초 뉴스 들어보겠습니다. +++▶'테마주 조작' 구속기소이른바 반기문 테마주로 주목받았던 CCS 그룹  ,2015.08.17 20:05,https://news.naver.com/main/read.nhn?mode=LSD&mid=sec&sid1=100&oid=437&aid=0000088372,[여당] 뜬소문 믿고 투자했다간 낭패…'정치 테마주' 경계령,https://imgnews.pstatic.net/image/origin/437/2015/08/17/88372.jpg?type=ofullfill106_72
한국일보,[미리보는 오늘 : 8월 18일 화요일]김대중 전 대통령의 6주기 추모식이 오늘 국립서울현충원 현충관에서 열린다. 김대중 평화센 ,2015.08.17 20:05,https://news.naver.com/main/read.nhn?mode=LSD&mid=sec&sid1=100&oid=469&aid=0000081932,김대중 전 대통령 6주기 추모식,No image
뉴스1,새정치민주연합 문재인 대표(오른쪽)가 13일 오후 서울 여의도 국회 국방위원회 전체회의에서 윤후덕 의원(중 ,2015.08.17 20:04,https://news.naver.com/main/read.nhn?mode=LSD&mid=sec&sid1=100&oid=421&aid=0001580251,文 '취업청탁 윤후덕' 윤리심판원 직권조사 왜?,https://imgnews.pstatic.net/image/origin/421/2015/08/17/1580251.jpg?type=ofullfill106_72
JTBC,[앵커]마지막으로 야당 40초 뉴스 시작하겠습니다. +++▶대통령 메시지와 닮은 꼴박근혜 대통령에 이어 문재인 새정치연합 대표도 ,2015.08.17 20:04,https://news.naver.com/main/read.nhn?mode=LSD&mid=sec&sid1=100&oid=437&aid=0000088371,[야당] 문재인 대표 광복 70주년 기자회견 의미와 속내는?,https://imgnews.pstatic.net/image/origin/437/2015/08/17/88371.jpg?type=ofullfill106_72
뉴스1,노웅래 새정치민주연합 의원. © News1검찰 폭행사실 인정할만한 행위 없어(서울=뉴스1) 김현 기자조소영 기자  ,2015.08.17 20:04,https://news.naver.com/main/read.nhn?mode=LSD&mid=sec&sid1=100&oid=421&aid=0001580250,노웅래 '마포 전현직 의원 폭행시비' 무혐의,https://imgnews.pstatic.net/image/origin/421/2015/08/17/1580250.jpg?type=ofullfill106_72
한국일보,한반도 유동적 정세朴대통령 北 지뢰 명백한 도발北 일선 부대 특별경계 강화최전방 지역 군사적 긴장 고조민관군 합동훈련인 을 ,2015.08.17 20:04,https://news.naver.com/main/read.nhn?mode=LSD&mid=sec&sid1=100&oid=469&aid=0000081929,을지연습 시작… 北도 대남 확성기 방송 재개,https://imgnews.pstatic.net/image/origin/469/2015/08/17/81929.jpg?type=ofullfill106_72
JTBC,[앵커]다음은 국회 40초 뉴스 들어보겠습니다. +++▶ 윤후덕 윤리위 회부를로스쿨 출신인 딸의 취업 청탁 논란에 대해서  ,2015.08.17 20:03,https://news.naver.com/main/read.nhn?mode=LSD&mid=sec&sid1=100&oid=437&aid=0000088370,[국회] 윤후덕 의원 취업청탁…국회 윤리특위 회부 되나,https://imgnews.pstatic.net/image/origin/437/2015/08/17/88370.jpg?type=ofullfill106_72
JTBC,[앵커]오늘(17일) 박근혜 대통령이 을지 국가안전보장회의를 주재했습니다. 북한의 지뢰 도발에 대해서도 강도 높게 비판했는데.  ,2015.08.17 20:02,https://news.naver.com/main/read.nhn?mode=LSD&mid=sec&sid1=100&oid=437&aid=0000088369,[청와대] 시원찮은 대일·대북 메시지…길 잃은 한국 외교,https://imgnews.pstatic.net/image/origin/437/2015/08/17/88369.jpg?type=ofullfill106_72
뉴스1,내년도 예산안 및 입법과제 등 정기국회 현안 점검(서울=뉴스1) 박상휘 기자 = 새누리당이 25일부터 이틀간 충남 천안시 우정공 ,2015.08.17 19:59,https://news.naver.com/main/read.nhn?mode=LSD&mid=sec&sid1=100&oid=421&aid=0001580248,與 25일부터 이틀간 연찬회…노동개혁·총선 전략 논의,https://imgnews.pstatic.net/image/origin/421/2015/08/17/1580248.jpg?type=ofullfill106_72
연합뉴스TV,[북한은 오늘] 한미군사훈련 시작,2015.08.17 19:59,https://news.naver.com/main/read.nhn?mode=LSD&mid=sec&sid1=100&oid=422&aid=0000131196,[북한은 오늘] 한미군사훈련 시작…北 즉각 중단하라,https://imgnews.pstatic.net/image/origin/422/2015/08/17/131196.jpg?type=ofullfill106_72
아시아경제,[아시아경제 김혜민 기자] 불법 정치자금을 받은 혐의로 기소돼 항소심에서 실형을 선고 받은 한명숙 새정치민주연합 의원에 대한 대 ,2015.08.17 19:56,https://news.naver.com/main/read.nhn?mode=LSD&mid=sec&sid1=100&oid=277&aid=0003564961,'불법 정치자금 혐의' 한명숙 의원 20일 최종 선고(상보),No image
KBS,<앵커 멘트> 한미연합군사훈련인 을지프리덤가디언UFG 연습이 오늘부터 시작됐습니다. 북한이 보복조치를 위협하면서 대남 방송으로 ,2015.08.17 19:55,https://news.naver.com/main/read.nhn?mode=LSD&mid=sec&sid1=100&oid=056&aid=0010209519,한미 UFG 시작…북 11년 만에 확성기 방송 재개,https://imgnews.pstatic.net/image/origin/056/2015/08/17/10209519.jpg?type=ofullfill106_72
KBS,박근혜 대통령은 북한의 위협이 증대되고 있는 상황에서 우리 국민의 생명과 재산을 보호하고 한반도의 평화를 지키기 위해서는 확고한 ,2015.08.17 19:53,https://news.naver.com/main/read.nhn?mode=LSD&mid=sec&sid1=100&oid=056&aid=0010209509,“평화통일 기반도 군사 대비 태세 전제돼야”,https://imgnews.pstatic.net/image/origin/056/2015/08/17/10209509.jpg?type=ofullfill106_72
연합뉴스TV,[북녘에서 온 소식] 北 탁구 명문으로 거듭난 경암 소학교 外[북한은 오늘]북한의 각도 특파원들이 보낸 북한 방방곳곳의 소식을  ,2015.08.17 19:53,https://news.naver.com/main/read.nhn?mode=LSD&mid=sec&sid1=100&oid=422&aid=0000131195,[북녘에서 온 소식] 北 탁구 명문으로 거듭난 경암 소학교 外,https://imgnews.pstatic.net/image/origin/422/2015/08/17/131195.jpg?type=ofullfill106_72
KBS,새정치민주연합이 다음달 창당 60년 행사를 계기로 당명을 바꾸는 문제를 공식 논의하기로 했습니다. 전병헌 창당 60년 기념사업추 ,2015.08.17 19:53,https://news.naver.com/main/read.nhn?mode=LSD&mid=sec&sid1=100&oid=056&aid=0010209508,새정치민주연합 “창당 60년 계기로 당명 변경 논의”,https://imgnews.pstatic.net/image/origin/056/2015/08/17/10209508.jpg?type=ofullfill106_72
프레시안,[정욱식 칼럼] 제주해군기지 전략적 자산 아닌 '부담' [정욱식 평화네트워크 대표] (제주해군기지의) 여러 가지 이점에도 불 ,2015.08.17 19:46,https://news.naver.com/main/read.nhn?mode=LSD&mid=sec&sid1=100&oid=002&aid=0002009644,미 해군 장교 제주해군기지 중국에 큰 위협,https://imgnews.pstatic.net/image/origin/002/2015/08/17/2009644.jpg?type=ofullfill106_72
연합뉴스,특조위 24일 부위원장 겸 사무처장으로 선출 예정 (서울=연합뉴스) 김동규 기자 = 4·16 세월호참사 특별조사위원회는 조대환 ,2015.08.17 19:45,https://news.naver.com/main/read.nhn?mode=LSD&mid=sec&sid1=100&oid=001&aid=0007796851,공석인 세월호 특조위 상임위원에 이헌 변호사 임명,https://imgnews.pstatic.net/image/origin/001/2015/08/17/7796851.jpg?type=ofullfill106_72
연합뉴스,코튼 美상원의원 면담,2015.08.17 19:45,https://news.naver.com/main/read.nhn?mode=LSD&mid=sec&sid1=100&oid=001&aid=0007796850,윤병세 北지뢰도발 분단 70년 한반도 현실 보여줘,https://imgnews.pstatic.net/image/origin/001/2015/08/17/7796850.jpg?type=ofullfill106_72
MBN,【 앵커멘트 】 그럼 우리 국민은 5·24조치에 대해 어떤 생각을 하고 있을까요? MBN이 리얼미터에 의뢰해 긴급 여론조사를 해 ,2015.08.17 19:45,https://news.naver.com/main/read.nhn?mode=LSD&mid=sec&sid1=100&oid=057&aid=0000748487,북한 사과 때까지 5·24조치 유지 49.1%,No image
MBN,【 앵커멘트 】 새누리당이 5·24 대북 제재 조치를 해제하자는 새정치연합 문재인 대표의 제안을 사실상 거부했습니다. 문 대표는 ,2015.08.17 19:45,https://news.naver.com/main/read.nhn?mode=LSD&mid=sec&sid1=100&oid=057&aid=0000748485,5·24 해제 놓고 여야 대표 거부 vs 유감,No image
국민일보,지난 4일 발생한 비무장지대(DMZ) 지뢰도발 사건 이후 우리 군이 대북 확성기 방송을 11년 만에 재개하자 북한군도 일부 최전 ,2015.08.17 19:44,https://news.naver.com/main/read.nhn?mode=LSD&mid=sec&sid1=100&oid=005&aid=0000808454,북한軍도 확성기 방송 재개 맞대응…최전방 긴장수위 급상승,https://imgnews.pstatic.net/image/origin/005/2015/08/17/808454.jpg?type=ofullfill106_72
